"a a den otter","den otter a a", (Den Otter, A. A.)
"a k m ahsan ullah","ullah a k m ahsan", (Ullah, A. K. M. Ahsan,)
"abderazek ben abdallah","abderazek ben abdallah", (Ben Abdallah, Abderazek.)
"adina de zavala","de zavala adina", (De Zavala, Adina,)
"adolf von harnack","von harnack adolf", (von Harnack, Adolf)
"albino arenas gómez","arenas gómez albino", (Arenas Go´mez, Albino.)
"alessandra petrina","petrina alessandra", (Alessandra Petrina, (ed.).)
"alex de campi","de campi alex", (Campi, Alex De.)
"alex soojung kim pang","soojung kim pang alex", (Soojung-Kim Pang, Alex)
"alexander mccall smith","smith alexander mccall", (Smith, Alexander McCall)
"alexandra powe allred","allred alexandra powe", (Allred, Alexandra Powe,)
"alexis de tocqueville","de tocqueville alexis", (De Tocqueville, Alexis.)
"alexis lipsitz flippin","lipsitz flippin alexis", (Lipsitz Flippin, Alexis.)
"alicia danielle voss guillén","voss guillén alicia danielle", (Voss-Guille´n, Alicia Danielle.)
"allison weiss entrekin","weiss entrekin allison", (Weiss Entrekin, Allison.)
"alma gilbert smith","smith alma gilbert", (Smith, Alma Gilbert.)
"alvise sforza tarabochia","tarabochia alvise sforza", (Tarabochia, Alvise Sforza.)
"amanda doering tourville","doering tourville amanda", (Doering Tourville, Amanda,)
"amaury de riencourt","de riencourt amaury", (Riencourt, Amaury de.)
"ana a de eulate","de eulate ana a", (De Eulate, Ana A.)
"andre dubus iii","dubus iii andre", (III, Andre Dubus)
"andrea wayne von königslöw","von königslöw andrea wayne", (Von Ko¨nigslo¨w, Andrea Wayne.)
"andrew lloyd webber","webber andrew lloyd", (Webber, Andrew Lloyd)
"angela williams duea","duea angela williams", (Duea, Angela Williams.)
"ann calvaresi barr","calvaresi barr ann", (Calvaresi Barr, Ann.)
"ann meyers drysdale","meyers drysdale ann", (Meyers Drysdale, Ann.)
"anne greenwood brown","greenwood brown anne", (Greenwood Brown, Anne)
"anne marie de mejía","de mejía anne marie", (Meji´a, Anne-Marie de,)
"annie de acevedo","de acevedo annie", (de Acevedo, Annie.)
"anthony cave brown","brown anthony cave", (Brown, Anthony Cave.)
"antoine de saint exupery","de saint exupery antoine", (Saint Exupery, Antoine de,)
"antoine de saint exupéry","de saint exupéry antoine", (Exupe´ry, Antoine de Saint.)
"antoinette van heugten","van heugten antoinette", (Van Heugten, Antoinette,)
"antonia castaneda shular","shular antonia castaneda", (Shular, Antonia Castaneda.)
"antóin ó lachtnáin","lachtnáin antóin ó", (Lachtna´in, Anto´in O´.)
"arend theodoor van leeuwen","van leeuwen arend theodoor", (Leeuwen, Arend Theodoor van,)
"ariane de bonvoisin","de bonvoisin ariane", (de Bonvoisin, Ariane.)
"arthur william davenport","davenport arthur w", (Davenport, Arthur W. (Arthur William),)
"arturo fernandez montoro","fernandez montoro arturo", (Fernandez Montoro, Arturo.)
"aude mariani ecochard","mariani ecochard aude", (Mariani Ecochard, Aude.)
"ayaan hirsi ali","ali ayaan hirsi", (Ali, Ayaan Hirsi.)
"barbara a schmidt french","schmidt french barbara a", (Schmidt-French, Barbara A.)
"barbara soloff levy","levy barbara soloff", (Levy, Barbara Soloff.)
"barbara taylor sissel","sissel barbara taylor", (Sissel, Barbara Taylor.)
"barbara weiland talbert","weiland talbert barbara", (Weiland Talbert, Barbara.)
"barry st clair","st clair barry", (Clair, Barry St.)
"beatrice e avolio alecchi","avolio alecchi beatrice e", (Avolio Alecchi, Beatrice E.)
"beatrice schenk de regniers","de regniers beatrice schenk", (Regniers, Beatrice Schenk de.)
"beatrix potter","potter beatrix", (Potter, Beatrix, 1866-1943.  )
"belinda crawford camiciottoli","crawford camiciottoli belinda", (Crawford Camiciottoli, Belinda.)
"benedict de spinoza","de spinoza benedict", (de Spinoza, Benedict.)
"benjamin van rooij","van rooij benjamin", (Van Rooij, Benjamin.)
"bonnie compton hanson","hanson bonnie compton", (Hanson, Bonnie Compton.)
"brenda reeves sturgis","sturgis brenda reeves", (Sturgis, Brenda Reeves)
"brette mcwhorter sember","mcwhorter sember brette", (McWhorter Sember, Brette.)
"c snouck hurgronje","hurgronje c snouck", (Snouck Hurgronje, C.)
"camilla de la bedoyere","de la bedoyere camilla", (Bedoyere,Camilla de la.)
"candace cameron bure","bure candace cameron", (Bure, Candace Cameron.)
"carlos guillermo bigliani","bigliani carlos guillermo", (Bigliani, Carlos Guillermo.)
"carlotta von maltzan herausgeberin","von maltzan herausgeberin carlotta", (Herausgeberin/editor, Carlotta von Maltzan.)
"carol himsel daly","himsel daly carol", (Himsel Daly, Carol.)
"carol huber cypher","huber cypher carol", (Cypher, Carol Huber,)
"carolina de robertis","de robertis carolina", (Robertis, Carolina de)
"caroline de margerie","de margerie caroline", (De Margerie, Caroline.)
"cecily von ziegesar","von ziegesar cecily", (Ziegesar, Cecily Von)
"charles de garmo","de garmo charles", (Garmo, Charles De.)
"charles de lint","de lint charles", (Lint, Charles De.)
"charles dickens","dickens charles", (Dickens, Charles, 1812-1870 )
"chelle koster walton","koster walton chelle", (Koster-Walton, Chelle.)
"chimamanda ngozi adichie","ngozi adichie chimamanda", (Ngozi Adichie, Chimamanda)
"chris van allsburg","van allsburg chris", (Allsburg, Chris Van.)
"christian schittich","schittich christian", (Schittich, Christian.)
"christina baker kline","baker kline christina", (Baker Kline, Christina)
"cinda williams chima","chima cinda williams", (Williams Chima, Cinda)
"cindy martinusen coloma","coloma cindy martinusen", (Coloma, Cindy Martinusen.)
"claudio von panta","von panta claudio", (Panta, Claudio von.)
"cornelia maude spelman","maude spelman cornelia", (Maude Spelman, Cornelia.)
"cornelis a van minnen","van minnen cornelis a", (Van Minnen, Cornelis A.)
"cornelis den heijer","heijer cornelis den", (Heijer, Cornelis Den.)
"corrie ten boom","boom corrie ten", (Boom, Corrie Ten.)
"cosgrove martin","martin janet", (Martin, Tom and Janet (Cosgrove).)
"cosgrove shannon","cosgrove loretta", (Cosgrove, Loretta (Shannon).)
"craig glenday","glenday craig", (Glenday, Craig (EDT))
"cristina rivera garza","rivera garza cristina", (Rivera Garza, Cristina,)
"cynthia peabody anderson","peabody anderson cynthia", (Peabody-Anderson, Cynthia.)
"cynthia stackpole snyder","snyder cynthia stackpole", (Snyder, Cynthia Stackpole.)
"d p lyle","lyle d p", (Lyle MD, D. P.)
"dagny scott barrios","scott barrios dagny", (Scott Barrios, Dagny.)
"danilo marcondes de souza filho","de souza filho danilo marcondes", (Marcondes de Souza Filho, Danilo.)
"daphne du maurier","du maurier daphne", (Maurier, Daphne du)
"david abraham","abraham david", (David Abraham ... [et al.], (eds.).)
"david christie murray","murray david christie", (Murray, David Christie.)
"david l andrews","andrews david l", (Andrews, David L.)
"david l van rooy","van rooy david l", (Rooy, David L. Van.)
"david oliver relin","relin david oliver", (Oliver Relin, David)
"david van reybrouck","van reybrouck david", (van Reybrouck, David)
"david w leslie","leslie david w", (David W. Leslie,  editor.)
"debbie rivers moore","moore debbie rivers", (Moore, Debbie Rivers.)
"debra lattanzi shutika","shutika debra lattanzi", (Lattanzi Shutika, Debra,)
"deirdre dewitt maltby","dewitt maltby deirdre", (Maltby, Deirdre DeWitt.)
"denise lewis patrick","lewis patrick denise", (Lewis Patrick, Denise.)
"dept of the army headquarters","dept of the army headquarters", (Headquarters, Dept. of the Army, [2008])
"dharma singh khalsa","singh khalsa dharma", (Singh Khalsa, Dharma.)
"diana wallis taylor","wallis taylor diana", (Wallis Taylor, Diana)
"diana wynne jones","wynne jones diana", (Wynne Jones, Diana)
"diane de groat","de groat diane", (Groat, Diane de)
"diane gow mcdilda","gow mcdilda diane", (Gow McDilda, Diane.)
"diane rossen worthington","rossen worthington diane", (Rossen Worthington, Diane.)
"dianna dorisi winget","dorisi winget dianna", (Winget, Dianna Dorisi)
"don van natta","van natta don", (Natta, Don Van.)
"donna walsh shepherd","walsh shepherd donna", (Shepherd, Donna Walsh.)
"dora levy mossanen","mossanen dora levy", (Levy Mossanen, Dora,)
"dorothea benton frank","frank dorothea benton", (Benton Frank, Dorothea)
"edith hahn beer","hahn beer edith", (Beer, Edith Hahn.)
"edmond de goncourt","de goncourt edmond", (De Goncourt, Edmond.)
"eduardo trujillo correa","trujillo correa eduardo", (Correa, Eduardo Trujillo.)
"egon von neindorff","von neindorff egon", (Von Neindorff, Egon.)
"elaine iljon foreman","foreman elaine iljon", (Iljon Foreman, Elaine)
"elise schebler roberts","roberts elise schebler", (Schebler Roberts, Elise.)
"elizabeth van steenwyk","van steenwyk elizabeth", (Steenwyk, Elizabeth Van.)
"emily st john mandel","st john mandel emily", (Mandel, Emily St. John)
"emmanuel fru doh","doh emmanuel fru", (Fru Doh, Emmanuel.)
"eric van lustbader","van lustbader eric", (Van Lustbader, Eric)
"erica palmcrantz aziz","aziz erica palmcrantz", (Palmcrantz Aziz, Erica,)
"erin van rheenen","van rheenen erin", (Van Rheenen, Erin.)
"firooz eftekhar zadeh","zadeh firooz eftekhar", (Eftekhar Zadeh, Firooz,)
"florence scovel shinn","shinn florence scovel", (Scovel Shinn, Florence.)
"ford madox ford","ford ford madox", (Madox Ford, Ford.)
"forest service u s dept of agriculture","u s dept of agriculture forest service", (U.S. Dept. of Agriculture, Forest Service, [1983?])
"francis yeats brown","yeats brown francis", (Brown, Francis Yeats.)
"frank cottrell boyce","cottrell boyce frank", (Boyce, Frank Cottrell)
"frank van der linden","van der linden frank", (Linden, Frank van der,)
"frederick john foakes jackson","foakes jackson frederick john", (Foakes-Jackson, F. J. (Frederick John).)
"frena gray davidson","davidson frena gray", (Gray-Davidson, Frena.)
"gabriel sánchez sorondo","sánchez sorondo gabriel", (Sorondo, Gabriel Sánchez)
"gayle laakmann mcdowell","mcdowell gayle laakmann", (Laakmann McDowell, Gayle.)
"gayle tzemach lemmon","tzemach lemmon gayle", (Lemmon, Gayle Tzemach.)
"ghica van emde boas","van emde boas ghica", (Emde Boas, Ghica van.)
"gontran de poncins","de poncins gontran", (De Poncins, Gontran.)
"grady brett beaubouef","brett beaubouef grady", (Beaubouef, Grady Brett.)
"guillermo del toro","toro guillermo del", (Del Toro, Guillermo.)
"gustave e von grunebaum","grunebaum gustave e von", (Von Grunebaum, Gustave E.)
"guy de maupassant","de maupassant guy", (De Maupassant, Guy,)
"gwen blakley kinsler","blakley kinsler gwen", (Kinsler, Gwen Blakley.)
"h von holst","von holst h", (Holst, H. von.)
"hans de beer","de beer hans", (Beer, Hans de,)
"hans van lemmen","van lemmen hans", (Van Lemmen, Hans.)
"heather taylor johnson","taylor johnson heather", (Johnson, Heather Taylor.)
"heidi grant halvorson","halvorson heidi grant", (Grant Halvorson, Heidi)
"helen elizabeth buckley","buckley helen elizabeth", (Buckley, Helen E. (Helen Elizabeth))
"henner gimpel","henner gimpel", (Gimpel, Henner.)
"henning kagermann","henning kagermann", (Kagermann, Henning.)
"henri de toulouse lautrec","de toulouse lautrec henri", (de Toulouse-Lautrec, Henri)
"henrik ibsen","ibsen henrik", (Ibsen, Henrik, 1828-1906. )
"henry scott stokes","scott stokes henry", (Stokes, Henry Scott.)
"henry van dyke","van dyke henry", (Dyke, Henry Van.)
"herbert jan van dinther","van dinther herbert jan", (Dinther, Herbert-Jan van.)
"honore de balzac","de balzac honore", (De Balzac, Honore.)
"howard johnson","johnson howard", (Johnson, Howard,)
"iain crichton smith","smith iain crichton", (Crichton Smith, Iain.)
"ilse van liempt","van liempt ilse", (Liempt, Ilse van.)
"ine van linthout","van linthout ine", (Van linthout, Ine.)
"iraj sadegh amiri","sadegh amiri iraj", (Amiri, Iraj Sadegh,)
"irene aparici martín","martín irene aparici", (Aparici Marti´n, Irene.)
"isabelle von fallois","von fallois isabelle", (Fallois, Isabelle von,)
"james de winter","de winter james", (Winter, James de.)
"james f peters","peters james f", (James F. Peters ... [et al.], (eds.).)
"jan de vries","de vries jan", (Vries, Jan de,)
"janette sebring lowrey","lowrey janette sebring", (Sebring Lowrey, Janette)
"jean slaughter doty","doty jean slaughter", (Slaughter Doty, Jean)
"jeannine hill fletcher","fletcher jeannine hill", (Hill Fletcher, Jeannine.)
"jeff van blarcom","van blarcom jeff", (Van Blarcom, Jeff,)
"jeffery deaver","deaver jeffery", (al), Jeffery Deaver (et)
"jeffrey moussaieff masson","masson jeffrey moussaieff", (Moussaieff Masson, Jeffrey)
"jenna miscavige hill","hill jenna miscavige", (Miscavige Hill, Jenna)
"jennifer love hewitt","love hewitt jennifer", (Love Hewitt, Jennifer.)
"jennifer pharr davis","pharr davis jennifer", (Pharr Davis, Jennifer)
"jennifer trainer thompson","trainer thompson jennifer", (Trainer Thompson, Jennifer)
"jerry della femina","femina jerry della", (Della Femina, Jerry.)
"jessica dorfman jones","jones jessica dorfman", (Dorfman Jones, Jessica.)
"jiddu krishnamurti","krishnamurti jiddu", (Krishnamurti, Jiddu)
"jill walker rettberg","walker rettberg jill", (Walker Rettberg, Jill.)
"joanna campbell slan","campbell slan joanna", (Slan, Joanna Campbell)
"joanna smith rakoff","rakoff joanna smith", (Smith Rakoff, Joanna,)
"joanne kathleen rowling","rowling j k", (Rowling, R. K. (Joanne Kathleen))
"johan van overtveldt","van overtveldt johan", (Van Overtveldt, Johan.)
"johannes buchmann","buchmann johannes", (edited by Johannes Buchmann, (Ed.).)
"john de graaf","de graaf john", (Graaf, John de)
"john dos passos","dos passos john", (Passos, John Dos.)
"john julius norwich","norwich john julius", (Julius Norwich, John)
"jorge morales pedraza","pedraza jorge morales", (Morales Pedraza, Jorge.)
"joris van gastel","van gastel joris", (Gastel, Joris van,)
"jose de luna martinez","de luna martinez jose", (Luna-Martinez, Jose de,)
"joshue o connor","o connor joshue", (O. Connor, Joshue.)
"josé martínez calatayud","martínez calatayud josé", (Calatayud, Jose´ Marti´nez.)
"juan andrade cetto","andrade cetto juan", (Cetto, Juan Andrade.)
"judith bloom fradin","fradin judith bloom", (Bloom Fradin, Judith)
"judith ortiz cofer","cofer judith ortiz", (Ortiz Cofer, Judith)
"judith st george","st george judith", (George, Judith St..)
"juliana mansvelt","juliana mansvelt", (Mansvelt, Juliana.)
"julie van rosendaal","rosendaal julie van", (Van Rosendaal, Julie,)
"k sreenivasa rao","rao k sreenivasa", (Sreenivasa Rao, K.,)
"kaoru yamanouchi","kaoru yamanouchi", (Yamanouchi, Kaoru.)
"karen thompson walker","walker karen thompson", (Thompson Walker, Karen)
"karen van holst pellekaan","van holst pellekaan karen", (Holst Pellekaan, Karen van.)
"kathleen van de graaff","van de graaff kathleen", (Graaff, Kathleen van de.)
"kathleen weidner zoehfeld","zoehfeld kathleen weidner", (Weidner Zoehfeld, Kathleen)
"kathy clark","clark kathy", (Clark, Kathy)
"katy simpson smith","smith katy simpson", (Simpson Smith, Katy)
"kaui hart hemmings","hemmings kaui hart", (Hart Hemmings, Kaui)
"kazuo koike","koike kazuo", (Koike, Kazuo, 1936-  )
"keila ochoa harris","ochoa harris keila", (Harris, Keila Ochoa)
"kim vogel sawyer","sawyer kim vogel", (Vogel Sawyer, Kim)
"kristin thoennes keller","thoennes keller kristin", (Keller, Kristin Thoennes.)
"kristin von kreisler","von kreisler kristin", (Kreisler, Kristin von)
"kristyn kusek lewis","lewis kristyn kusek", (Kusek Lewis, Kristyn.)
"lana del rey","del rey lana", (Rey, Lana Del.)
"langdon elwyn mitchell","mitchell langdon elwyn", (Elwyn Mitchell, Langdon,)
"laura gallego garcia","gallego garcia laura", (Garcia, Laura Gallego.)
"laura hurd clarke","clarke laura hurd", (Hurd Clarke, Laura,)
"laurell k hamilton","hamilton laurell k", (K. Hamilton, Laurell)
"laurie wagner buyer","buyer laurie wagner", (Wagner Buyer, Laurie.)
"learning express","learning express", (Express, Learning)
"leslie t chang","chang leslie t", (T. Chang, Leslie)
"lilian jackson braun","braun lilian jackson", (Jackson Braun, Lilian)
"linda darling hammond","darling hammond linda", (Hammond, Linda Darling.)
"linda leigh paul","paul linda leigh", (Leigh Paul, Linda.)
"lindy boone michaelis","boone michaelis lindy", (Michaelis, Lindy Boone.)
"lisa damian kidder","kidder lisa damian", (Damian Kidder, Lisa.)
"livia bitton jackson","jackson livia bitton", (Bitton-Jackson, Livia)
"liz curtis higgs","higgs liz curtis", (Curtis Higgs, Liz)
"lope de vega","de vega lope", (de Vega, Lope)
"lorene edwards forkner","forkner lorene edwards", (Edwards Forkner, Lorene.)
"loriann hoff oberlin","oberlin loriann hoff", (Hoff Oberlin, Loriann,)
"lucetta yip lo kam","yip lo kam lucetta", (Kam, Lucetta Yip Lo.)
"lucinda scala quinn","scala quinn lucinda", (Quinn, Lucinda Scala.)
"lucy maud montgomery","montgomery l m", (Montgomery, L. M. (Lucy Maud),)
"ludwig van beethoven","van beethoven ludwig", (van Beethoven, Ludwig)
"luigi pirandello","pirandello luigi", (Pirandello, Luigi 1867-1936 )
"lynda mullaly hunt","hunt lynda mullaly", (Mullaly Hunt, Lynda.)
"lynn viehl","viehl lynn", (Viehl, Lynn, 1961- )
"lynne reid banks","banks lynne reid", (Reid Banks, Lynne)
"m a hossain tonu","hossain tonu m a", (Tonu, M. A. Hossain.)
"m w von bernewitz","von bernewitz m w", (Von Bernewitz, M. W.)
"manola rius caso","rius caso manola", (Caso, Manola Rius.)
"manuel delicado cantero","cantero manuel delicado", (Delicado Cantero, Manuel.)
"manuel gutiérrez aragón","gutiérrez aragón manuel", (Aragón, Manuel Gutiérrez)
"manuela dunn mascetti","dunn mascetti manuela", (Mascetti, Manuela Dunn.)
"marcel van der plas","van der plas marcel", (Plas, Marcel van der.)
"margaret yardley potter","potter margaret yardley", (Yardley Potter, Margaret)
"margot fortunato galt","galt margot fortunato", (FORTUNATO GALT, MARGOT )
"margriet de moor","de moor margriet", (de Moor, Margriet.)
"maria dolors ros i frigola","ros i frigola maria dolors", (Dolors Ros i Frigola, Maria.)
"marie de hennezel","de hennezel marie", (De Hennezel, Marie.)
"marieke van den brink","van den brink marieke", (Brink, Marieke van den.)
"marijke van heeswijk","van heeswijk marijke", (Van Heeswijk, Marijke.)
"marisa del dago","del dago marisa", (Del Dago, Marisa.)
"mark billingham","billingham mark", (by Mark Billingham, (et al. ...))
"martin cosgrove","martin janet", (Martin, Tom and Janet (Cosgrove).)
"martín sánchez jankowski","jankowski martín sánchez", (Jankowski, Marti´n Sa´nchez,)
"mary edwards wertsch","wertsch mary edwards", (EDWARDS WERTSCH, MARY )
"mary gordon watson","gordon watson mary", (Watson, Mary Gordon.)
"mary higgins clark","higgins clark mary", (Higgins Clark, Mary.)
"mary jane capozzoli ingui","capozzoli ingui mary jane", (Ingui, Mary Jane Capozzoli.)
"matt de la pena","de la pena matt", (Pena, Matt de la)
"matt de la peña","de la peña matt", (Pen~a, Matt de la.)
"maurizio de giovanni","de giovanni maurizio", (Giovanni, Maurizio de)
"maurizio di paolo emilio","di paolo emilio maurizio", (Emilio, Maurizio Di Paolo,)
"max von kreisler","von kreisler max", (Kreisler, Max von.)
"megan whalen turner","turner megan whalen", (Whalen Turner, Megan)
"melissa de la cruz","de la cruz melissa", (Cruz, Melissa de la)
"menna van praag","van praag menna", (Van Praag, Menna)
"michael david lukas","lukas michael david", (David Lukas, Michael)
"michael looking coyote","looking coyote michael", (Looking Coyote, Michael.)
"michael s gazzaniga","gazzaniga michael s", (Michael S. Gazzaniga, editor-in chief.)
"michael yu chak tin","yu chak tin michael", (Tin, Michael Yu Chak.)
"michel de montaigne","de montaigne michel", (de Montaigne, Michel.)
"michelangelo merisi da caravaggio","caravaggio michelangelo merisi da", (da Caravaggio, Michelangelo Merisi)
"michelle chapman wilbert","chapman wilbert michelle", (Wilbert, Michelle Chapman.)
"mies van hout","van hout mies", (Van Hout, Mies.)
"miguel de cervantes","de cervantes miguel", (De Cervantes, Miguel.)
"miguel de cervantes saavedra","de cervantes saavedra miguel", (De Cervantes Saavedra, Miguel.)
"miguel de unamuno","de unamuno miguel", (De Unamuno, Miguel.)
"mike ohlson de fine","de fine mike ohlson", (Fine, Mike Ohlson de.)
"mimi alford","alford mimi", (Alford, Marion (Mimi),)
"mohammad ali amir moezzi","amir moezzi mohammad ali", (Moezzi, Mohammad Ali Amir.)
"moira anderson allen","allen moira anderson", (Anderson Allen, Moira.)
"mollie cox bryan","bryan mollie cox", (Cox Bryan, Mollie)
"moshe kai cavalin","cavalin moshe kai", (Kai Cavalin, Moshe,)
"mr food test kitchen","test kitchen mr food", (Test Kitchen, MR Food.)
"n satheesh kumar","kumar n satheesh", (Kumar, N. Satheesh.)
"nadia nedjah","nedjah nadia", (Nadia Nedjah ... [et al.], (eds.).)
"neil ten kortenaar","kortenaar neil ten", (Ten Kortenaar, Neil.)
"nikolaos van dam","van dam nikolaos", (Van Dam, Nikolaos.)
"oliver van demille","van demille oliver", (DeMille, Oliver Van,)
"olivia fox cabane","cabane olivia fox", (Fox Cabane, Olivia)
"orice williams brown","brown orice williams", (Williams Brown, Orice.)
"orson scott card","scott card orson", (Scott Card, Orson.)
"otto van geet","van geet otto", (Geet, Otto van,)
"p k hari hara subramanian","subramanian p k hari hara", (Subramanian, P. K. Hari Hara.)
"pablo san martín","san martín pablo", (Marti´n, Pablo San.)
"paige byrne shortal","byrne shortal paige", (Byrne-Shortal, Paige.)
"pam munoz ryan","munoz ryan pam", (Munoz Ryan, Pam.)
"patricia hill collins","hill collins patricia", (Collins, Patricia Hill,)
"paul de vries","de vries paul", (Vries, Paul de.)
"paulino calderon pale","calderon pale paulino", (Pale, Paulino Calderon.)
"pearl witherington cornioley","cornioley pearl witherington", (Witherington Cornioley, Pearl)
"pepin van roojen","van roojen pepin", (Van Roojen, Pepin.)
"peter hunter blair","hunter blair peter", (Blair, Peter Hunter,)
"peter lancaster brown","lancaster brown peter", (Brown, Peter Lancaster,)
"peter shaffer","shaffer peter", (Shaffer, Peter, 1926- )
"peter van de put","van de put peter", (Van de Put, Peter.)
"philippe van haute","van haute philippe", (Haute, Philippe van,)
"pierre collet","collet pierre", (Pierre Collet ... [et al.], (eds.).)
"pierre de coubertin","de coubertin pierre", (de Coubertin, Pierre)
"r a mccall smith","mccall smith r a", (McCall Smith, Alexander (R.A.),)
"r david weber compilers gail ann schlachter","gail ann schlachter r david weber compilers", ([compilers] Gail Ann Schlachter, R. David Weber.)
"r ward holder","holder r ward", (Ward Holder, R.)
"ralph vaughan williams","vaughan williams ralph", (Williams, Ralph Vaughan)
"rapporteur paula tarnapol whitacre","paula tarnapol whitacre rapporteur", (Paula Tarnapol Whitacre ... [et al.], rapporteur)
"rebecca st james","st james rebecca", (James, Rebecca St..)
"reinaldo funes monzote","funes monzote reinaldo", (Monzote, Reinaldo Funes.)
"reinaldo j bernal velásquez","velásquez reinaldo j bernal", (Bernal Vela´squez, Reinaldo J.)
"renata szczepaniak","szczepaniak renata", (Renata Szczepaniak, (ed.).)
"renee peterson trudeau","peterson trudeau renee", (Trudeau, Renee Peterson,)
"richard cándida smith","cándida smith richard", (Smith, Richard Ca´ndida.)
"robert de la sizeranne","de la sizeranne robert", (De La Sizeranne, Robert.)
"robert m edsel","edsel robert m", (M. Edsel, Robert)
"robin fisher roffer","fisher roffer robin", (Fisher-Roffer, Robin)
"rochelle nielsen barsuhn","barsuhn rochelle nielsen", (Barsuhn, Rochelle Nielsen.)
"rosamund kidman cox","cox rosamund kidman", (Cox, Rosamund Kidman.)
"rowling joanne kathleen","rowling j k", (Rowling, R. K. (Joanne Kathleen))
"ruth e cox clark","cox clark ruth e", (Clark, Ruth E. Cox.)
"s anil kumar","anil kumar s", (Kumar, S. Anil.)
"sally lloyd jones","lloyd jones sally", (Jones, Sally Lloyd.)
"samia mohamed nour","nour samia mohamed", (Nour, Samia Mohamed.)
"sara lawrence lightfoot","lawrence lightfoot sara", (Lightfoot, Sara Lawrence.)
"sarah de mul","mul sarah de", (De Mul, Sarah.)
"sarah hines stephens","hines stephens sarah", (Stephens, Sarah Hines.)
"sarah oleary burningham","oleary burningham sarah", (O'Leary Burningham, Sarah)
"sarah tyson heston rorer","rorer heston tyson sarah", (Heston Rorer, Sarah Tyson)
"scott hempling","hempling scott", (Hempling, Scott.)
"shannon burke","burke shannon", (Burke, Shannon.)
"shannon cosgrove","cosgrove luella", (Cosgrove, Loretta (Shannon).)
"sharon katz cooper","katz cooper sharon", (Cooper, Sharon Katz.)
"shmuel katz","katz shmuel", (Shmuel Katz ... [et al.], (eds.).)
"simon sebag montefiore","sebag montefiore simon", (Montefiore, Simon Sebag.)
"simon van booy","van booy simon", (Booy, Simon van)
"sophie benini pietromarchi","pietromarchi sophie benini", (Benini Pietromarchi, Sophie.)
"stanislas klossowski de rola","de rola stanislas klossowski", (De Rola, Stanislas Klossowski.)
"stephen w hawking","hawking s w", (Hawking, Stephen W.)
"steve hung lung tu","hung lung tu steve", (Tu, Steve Hung-Lung.)
"sun tzu","sun tzu", (Sun-Tzu, .)
"susan britton whitcomb","whitcomb susan britton", (Britton Whitcomb, Susan.)
"susan maney lovett","lovett susan maney", (Maney Lovett, Susan.)
"susan van allen","van allen susan", (Allen, Susan Van)
"suzanne van atten","van atten suzanne", (Atten, Suzanne Van)
"sveva casati modignani","casati modignani sveva", (Modignani, Sveva Casati.)
"sydnie meltzer kleinhenz","meltzer kleinhenz sydnie", (Kleinhenz, Sydnie Meltzer.)
"t f thiselton dyer","dyer t f thiselton", (Thiselton-Dyer, T. F.)
"tanuja desai hidier","desai hidier tanuja", (Hidier, Tanuja Desai.)
"tatiana de rosnay","de rosnay tatiana", (de Rosnay, Tatiana)
"teja tscharntke","teja tscharntke", (Tscharntke, Teja,)
"the brothers grimm","grimm the brothers", (Brothers Grimm, the)
"thich nhat hanh","nhat hanh thich", (Hanh, Thich Nhat)
"thomas de quincey","de quincey thomas", (Quincey, Thomas De.)
"thomas stearns eliot","eliot thomas stearns", (Eliot, T. S. (Thomas Stearns),)
"thomas van essen","van essen thomas", (Van Essen, Thomas.)
"tieraona low dog","low dog tieraona", (Dog, Tieraona Low.)
"timothée de fombelle","de fombelle timothée", (De Fombelle, Timothe´e.)
"tom montgomery fate","montgomery fate tom", (Fate, Tom Montgomery)
"toni griego jones","griego jones toni", (Jones, Toni Griego.)
"tracy salcedo chourré","salcedo chourré tracy", (Chourre´, Tracy Salcedo.)
"trude weiss rosmarin","rosmarin trude weiss", (Weiss-Rosmarin, Trude,)
"ulrich meyer","ulrich meyer", (Meyer, Ulrich,)
"vera de backker","de backker vera", (Backker, Vera de.)
"vescinda mcdonald","mcdonald yong hui", (McDonald, Vescinda.)
"vicente blasco ibáñez","blasco ibáñez vicente", (Ibáñez, Vicente Blasco)
"victor j banis","banis victor j", (J. Banis, Victor.)
"vivian vande velde","vande velde vivian", (Velde, Vivian Vande.)
"w c van unnik","unnik w c van", (Van Unnik, W. C.)
"w j sparrow simpson","sparrow simpson w j", (Simpson, W. J. Sparrow.)
"waka takahashi brown","brown waka takahashi", (Takahashi Brown, Waka.)
"walburga von raffler engel","von raffler engel walburga", (Raffler-Engel, Walburga von.)
"wallie walker hammond","hammond wallie walker", (Walker-Hammond, Wallie)
"wendelin van draanen","van draanen wendelin", (Draanen, Wendelin Van)
"wendy jehanara tremayne","jehanara tremayne wendy", (Tremayne, Wendy Jehanara)
"wenjun zhang","wenjun zhang", (Zhang, Wenjun.)
"william p young","young william p", (P. Young, William)
"william parker headden","headden william parker", (Headden, William P. (William Parker),)
"william pène du bois","pène du bois william", (Du Bois, William Pe`ne,)
"wilson hunter","wilson monica", (Hunter, Wilson.)
"wolf von eckardt","eckardt wolf von", (Von Eckardt, Wolf.)
"yanchun zhang","yanchun zhang", (Zhang, Yanchun.)
"yossi klein halevi","klein halevi yossi", (Halevi, Yossi Klein.)
"yvonne schulz zinda","zinda yvonne schulz", (Schulz Zinda, Yvonne.)
"sehnaz tahir gürçaglar","tahir gürçaglar sehnaz", (Gu¨rc¸ag?lar, S¸ehnaz Tahir.)